DELETE FROM `nasabah`;
INSERT INTO `nasabah` (`id`, `kode`, `nama`, `email`, `no_tlp`, `alamat`, `created_at`, `updated_at`, `deleted_at`, `restored_at`, `created_by`, `updated_by`, `deleted_by`, `restored_by`) VALUES
	(1, 'N1', 'DARMA WATI', 'nasabah@mail.com', '085218555997', 'GRAHA RAFLESIA II BLOK F 18/30 RT 005 RW 003 Talagasari CIKUPA  KAB. TANGERANG BANTEN', NULL, NULL, NULL, NULL, NULL, NULL, NULL, NULL),
	(2, 'N10', 'Nasabah 10', 'nasabah@mail.com', '-', 'Alamat Nasabah 10', NULL, NULL, NULL, NULL, NULL, NULL, NULL, NULL),
	(3, 'N11', 'Nasabah 11', 'nasabah@mail.com', '-', 'Alamat Nasabah 11', NULL, NULL, NULL, NULL, NULL, NULL, NULL, NULL),
	(4, 'N12', 'Nasabah 12', 'nasabah@mail.com', '-', 'Alamat Nasabah 12', NULL, NULL, NULL, NULL, NULL, NULL, NULL, NULL),
	(5, 'N13', 'Nasabah 13', 'nasabah@mail.com', '-', 'Alamat Nasabah 13', NULL, NULL, NULL, NULL, NULL, NULL, NULL, NULL),
	(6, 'N14', 'Nasabah 14', 'nasabah@mail.com', '-', 'Alamat Nasabah 14', NULL, NULL, NULL, NULL, NULL, NULL, NULL, NULL),
	(7, 'N15', 'Nasabah 15', 'nasabah@mail.com', '-', 'Alamat Nasabah 15', NULL, NULL, NULL, NULL, NULL, NULL, NULL, NULL),
	(8, 'N16', 'Nasabah 16', 'nasabah@mail.com', '-', 'Alamat Nasabah 16', NULL, NULL, NULL, NULL, NULL, NULL, NULL, NULL),
	(9, 'N17', 'Nasabah 17', 'nasabah@mail.com', '-', 'Alamat Nasabah 17', NULL, NULL, NULL, NULL, NULL, NULL, NULL, NULL),
	(10, 'N18', 'Nasabah 18', 'nasabah@mail.com', '-', 'Alamat Nasabah 18', NULL, NULL, NULL, NULL, NULL, NULL, NULL, NULL),
	(11, 'N19', 'Nasabah 19', 'nasabah@mail.com', '-', 'Alamat Nasabah 19', NULL, NULL, NULL, NULL, NULL, NULL, NULL, NULL),
	(12, 'N2', 'RIRIS LINDA RESTANTIN', 'nasabah@mail.com', '081336345717', 'JL TITAN V BLOK K NO 8 RT 003 RW 022 PURWANTORO BLIMBING  KAB. MALANG JAWA TIMUR', NULL, NULL, NULL, NULL, NULL, NULL, NULL, NULL),
	(13, 'N20', 'Nasabah 20', 'nasabah@mail.com', '-', 'Alamat Nasabah 20', NULL, NULL, NULL, NULL, NULL, NULL, NULL, NULL),
	(14, 'N21', 'Nasabah 21', 'nasabah@mail.com', '-', 'Alamat Nasabah 21', NULL, NULL, NULL, NULL, NULL, NULL, NULL, NULL),
	(15, 'N22', 'Nasabah 22', 'nasabah@mail.com', '-', 'Alamat Nasabah 22', NULL, NULL, NULL, NULL, NULL, NULL, NULL, NULL),
	(16, 'N23', 'Nasabah 23', 'nasabah@mail.com', '-', 'Alamat Nasabah 23', NULL, NULL, NULL, NULL, NULL, NULL, NULL, NULL),
	(17, 'N24', 'Nasabah 24', 'nasabah@mail.com', '-', 'Alamat Nasabah 24', NULL, NULL, NULL, NULL, NULL, NULL, NULL, NULL),
	(18, 'N25', 'Nasabah 25', 'nasabah@mail.com', '-', 'Alamat Nasabah 25', NULL, NULL, NULL, NULL, NULL, NULL, NULL, NULL),
	(19, 'N26', 'Nasabah 26', 'nasabah@mail.com', '-', 'Alamat Nasabah 26', NULL, NULL, NULL, NULL, NULL, NULL, NULL, NULL),
	(20, 'N27', 'Nasabah 27', 'nasabah@mail.com', '-', 'Alamat Nasabah 27', NULL, NULL, NULL, NULL, NULL, NULL, NULL, NULL),
	(21, 'N28', 'Nasabah 28', 'nasabah@mail.com', '-', 'Alamat Nasabah 28', NULL, NULL, NULL, NULL, NULL, NULL, NULL, NULL),
	(22, 'N29', 'Nasabah 29', 'nasabah@mail.com', '-', 'Alamat Nasabah 29', NULL, NULL, NULL, NULL, NULL, NULL, NULL, NULL),
	(23, 'N3', 'I KADEK SUDARMA', 'nasabah@mail.com', '081916340744', 'DUSUN TOJAN KELODBR TOJAN RT 000 RW 000 SEMARAPURAKANGIN KLUNGKUNG  KAB. BADUNG BALI', NULL, NULL, NULL, NULL, NULL, NULL, NULL, NULL),
	(24, 'N30', 'Nasabah 30', 'nasabah@mail.com', '-', 'Alamat Nasabah 30', NULL, NULL, NULL, NULL, NULL, NULL, NULL, NULL),
	(25, 'N31', 'Nasabah 31', 'nasabah@mail.com', '-', 'Alamat Nasabah 31', NULL, NULL, NULL, NULL, NULL, NULL, NULL, NULL),
	(26, 'N32', 'Nasabah 32', 'nasabah@mail.com', '-', 'Alamat Nasabah 32', NULL, NULL, NULL, NULL, NULL, NULL, NULL, NULL),
	(27, 'N33', 'Nasabah 33', 'nasabah@mail.com', '-', 'Alamat Nasabah 33', NULL, NULL, NULL, NULL, NULL, NULL, NULL, NULL),
	(28, 'N34', 'Nasabah 34', 'nasabah@mail.com', '-', 'Alamat Nasabah 34', NULL, NULL, NULL, NULL, NULL, NULL, NULL, NULL),
	(29, 'N35', 'Nasabah 35', 'nasabah@mail.com', '-', 'Alamat Nasabah 35', NULL, NULL, NULL, NULL, NULL, NULL, NULL, NULL),
	(30, 'N36', 'Nasabah 36', 'nasabah@mail.com', '-', 'Alamat Nasabah 36', NULL, NULL, NULL, NULL, NULL, NULL, NULL, NULL),
	(31, 'N37', 'Nasabah 37', 'nasabah@mail.com', '-', 'Alamat Nasabah 37', NULL, NULL, NULL, NULL, NULL, NULL, NULL, NULL),
	(32, 'N38', 'Nasabah 38', 'nasabah@mail.com', '-', 'Alamat Nasabah 38', NULL, NULL, NULL, NULL, NULL, NULL, NULL, NULL),
	(33, 'N39', 'Nasabah 39', 'nasabah@mail.com', '-', 'Alamat Nasabah 39', NULL, NULL, NULL, NULL, NULL, NULL, NULL, NULL),
	(34, 'N4', 'ANREA SIMANULLANG', 'nasabah@mail.com', '089661180104', 'JL PERJUANGAN LV DUSUN LV SIGARA GARANO 3 RT 002 RW 001 PATUMBAK PATUMBAK  KAB. DELI SERDANG SUMATERA UTARA', NULL, NULL, NULL, NULL, NULL, NULL, NULL, NULL),
	(35, 'N40', 'Nasabah 40', 'nasabah@mail.com', '-', 'Alamat Nasabah 40', NULL, NULL, NULL, NULL, NULL, NULL, NULL, NULL),
	(36, 'N41', 'Nasabah 41', 'nasabah@mail.com', '-', 'Alamat Nasabah 41', NULL, NULL, NULL, NULL, NULL, NULL, NULL, NULL),
	(37, 'N42', 'Nasabah 42', 'nasabah@mail.com', '-', 'Alamat Nasabah 42', NULL, NULL, NULL, NULL, NULL, NULL, NULL, NULL),
	(38, 'N43', 'Nasabah 43', 'nasabah@mail.com', '-', 'Alamat Nasabah 43', NULL, NULL, NULL, NULL, NULL, NULL, NULL, NULL),
	(39, 'N44', 'Nasabah 44', 'nasabah@mail.com', '-', 'Alamat Nasabah 44', NULL, NULL, NULL, NULL, NULL, NULL, NULL, NULL),
	(40, 'N45', 'Nasabah 45', 'nasabah@mail.com', '-', 'Alamat Nasabah 45', NULL, NULL, NULL, NULL, NULL, NULL, NULL, NULL),
	(41, 'N46', 'Nasabah 46', 'nasabah@mail.com', '-', 'Alamat Nasabah 46', NULL, NULL, NULL, NULL, NULL, NULL, NULL, NULL),
	(42, 'N47', 'Nasabah 47', 'nasabah@mail.com', '-', 'Alamat Nasabah 47', NULL, NULL, NULL, NULL, NULL, NULL, NULL, NULL),
	(43, 'N48', 'Nasabah 48', 'nasabah@mail.com', '-', 'Alamat Nasabah 48', NULL, NULL, NULL, NULL, NULL, NULL, NULL, NULL),
	(44, 'N49', 'Nasabah 49', 'nasabah@mail.com', '-', 'Alamat Nasabah 49', NULL, NULL, NULL, NULL, NULL, NULL, NULL, NULL),
	(45, 'N5', 'ROSALIA MARIA RENTOR', 'nasabah@mail.com', '081219603882', 'PARADISE RESORT, CLUSTER THE BAY BLOK C15/27 RT 001 RW 001 JOMBANG,SARUA CIPUTAT  KAB. TANGERANG BANTEN', NULL, NULL, NULL, NULL, NULL, NULL, NULL, NULL),
	(46, 'N50', 'Nasabah 50', 'nasabah@mail.com', '-', 'Alamat Nasabah 50', NULL, NULL, NULL, NULL, NULL, NULL, NULL, NULL),
	(47, 'N51', 'Nasabah 51', 'nasabah@mail.com', '-', 'Alamat Nasabah 51', NULL, NULL, NULL, NULL, NULL, NULL, NULL, NULL),
	(48, 'N52', 'Nasabah 52', 'nasabah@mail.com', '-', 'Alamat Nasabah 52', NULL, NULL, NULL, NULL, NULL, NULL, NULL, NULL),
	(49, 'N53', 'Nasabah 53', 'nasabah@mail.com', '-', 'Alamat Nasabah 53', NULL, NULL, NULL, NULL, NULL, NULL, NULL, NULL),
	(50, 'N54', 'Nasabah 54', 'nasabah@mail.com', '-', 'Alamat Nasabah 54', NULL, NULL, NULL, NULL, NULL, NULL, NULL, NULL),
	(51, 'N55', 'Nasabah 55', 'nasabah@mail.com', '-', 'Alamat Nasabah 55', NULL, NULL, NULL, NULL, NULL, NULL, NULL, NULL),
	(52, 'N56', 'Nasabah 56', 'nasabah@mail.com', '-', 'Alamat Nasabah 56', NULL, NULL, NULL, NULL, NULL, NULL, NULL, NULL),
	(53, 'N57', 'Nasabah 57', 'nasabah@mail.com', '-', 'Alamat Nasabah 57', NULL, NULL, NULL, NULL, NULL, NULL, NULL, NULL),
	(54, 'N6', 'Nasabah 6', 'nasabah@mail.com', '-', 'Alamat Nasabah 6', NULL, NULL, NULL, NULL, NULL, NULL, NULL, NULL),
	(55, 'N7', 'Nasabah 7', 'nasabah@mail.com', '-', 'Alamat Nasabah 7', NULL, NULL, NULL, NULL, NULL, NULL, NULL, NULL),
	(56, 'N8', 'Nasabah 8', 'nasabah@mail.com', '-', 'Alamat Nasabah 8', NULL, NULL, NULL, NULL, NULL, NULL, NULL, NULL),
	(57, 'N9', 'Nasabah 9', 'nasabah@mail.com', '-', 'Alamat Nasabah 9', NULL, NULL, NULL, NULL, NULL, NULL, NULL, NULL);

DELETE FROM `kredit_nasabah`;
INSERT INTO `kredit_nasabah` (`id`, `id_nasabah`, `tgl_pencairan`, `tgl_incoming`, `rekening_pencairan`, `nama_barang`, `image`, `qty`, `nilai_pencairan`, `total_nilai_kredit`, `margin_keuntungan`, `angsuran`, `tenor`, `turun_plafon`, `periode_bulan`, `mitra`, `status_lunas`, `tgl_lunas`, `status_kirim_barang`, `tgl_kirim_barang`, `note_kirim_barang`, `created_at`, `updated_at`, `deleted_at`, `restored_at`, `created_by`, `updated_by`, `deleted_by`, `restored_by`) VALUES
	(1, 1, '2024-12-02', '2024-11-29', 'Rekening Giro CIMB Niaga \r\nNo. 860011176300\r\natas nama PT Goldmartindo', 'LM 2G 1P 5G 1P', NULL, 5, 11100000.00, 11100000.00, 1382257.35, 1034890.00, 12, 'Tidak', 'Desember', 'PT Gold Martindo', 'Berjalan', NULL, 'Belum Dikirim', NULL, NULL, '2024-12-22 10:00:00', NULL, NULL, NULL, 'SYSTEM', NULL, NULL, NULL),
	(2, 12, '2024-12-02', '2024-11-28', 'Rekening Giro CIMB Niaga \r\nNo. 860011176300\r\natas nama PT Goldmartindo', 'LM40G-4X10GLM5G-1X5GLM0,5G-1X0,5G', NULL, 20, 72000000.00, 72000000.00, 42768000.09, 1912800.00, 60, 'Tidak', 'Desember', 'PT Gold Martindo', 'Berjalan', NULL, 'Belum Dikirim', NULL, NULL, '2024-12-22 10:00:00', NULL, NULL, NULL, 'SYSTEM', NULL, NULL, NULL),
	(3, 23, '2024-12-02', '2024-11-25', 'Rekening Giro CIMB Niaga \r\nNo. 860011176300\r\natas nama PT Goldmartindo', 'LM15G-3X5G', NULL, 3, 23700000.00, 23700000.00, 14077800.00, 629630.00, 60, 'Tidak', 'Desember', 'PT Gold Martindo', 'Berjalan', NULL, 'Belum Dikirim', NULL, NULL, '2024-12-22 10:00:00', NULL, NULL, NULL, 'SYSTEM', NULL, NULL, NULL),
	(4, 34, '2024-12-02', '2024-11-24', 'Rekening Giro CIMB Niaga \r\nNo. 860011176300\r\natas nama PT Goldmartindo', 'LM 20G=4X5G', NULL, 4, 8200000.00, 8200000.00, 3489617.97, 242993.33, 48, 'Addendum', 'Desember', 'PT Gold Martindo', 'Berjalan', NULL, 'Belum Dikirim', NULL, NULL, '2024-12-22 10:00:00', NULL, NULL, NULL, 'SYSTEM', NULL, NULL, NULL),
	(5, 45, '2024-12-02', '2024-11-26', 'Rekening Giro CIMB Niaga \r\nNo. 860011176300\r\natas nama PT Goldmartindo', 'LM 50G=1X50G', NULL, 50, 50700000.00, 50700000.00, 19426998.33, 1910263.33, 36, 'Addendum', 'Desember', 'PT Gold Martindo', 'Berjalan', NULL, 'Belum Dikirim', NULL, NULL, '2024-12-22 10:00:00', NULL, NULL, NULL, 'SYSTEM', NULL, NULL, NULL),
	(6, 54, '2024-01-30', '2024-01-01', 'Rekening Giro CIMB Niaga \r\nNo. 860011176300\r\natas nama PT Goldmartindo', 'LM 2G 1P 5G 1P', NULL, 5, 11100000.00, 11100000.00, 1382257.35, 1034890.00, 12, 'Tidak', 'Januari', 'PT Gold Martindo', 'Berjalan', NULL, 'Belum Dikirim', NULL, NULL, '2024-12-22 10:00:00', NULL, NULL, NULL, 'SYSTEM', NULL, NULL, NULL),
	(7, 55, '2024-02-10', '2024-02-01', 'Rekening Giro CIMB Niaga \r\nNo. 860011176300\r\natas nama PT Goldmartindo', 'LM 2G 1P 5G 1P', NULL, 5, 11100000.00, 11100000.00, 1382257.35, 1034890.00, 12, 'Tidak', 'Februari', 'PT Gold Martindo', 'Berjalan', NULL, 'Belum Dikirim', NULL, NULL, '2024-12-22 10:00:00', NULL, NULL, NULL, 'SYSTEM', NULL, NULL, NULL),
	(8, 56, '2024-02-10', '2024-02-02', 'Rekening Giro CIMB Niaga \r\nNo. 860011176300\r\natas nama PT Goldmartindo', 'LM 2G 1P 5G 1P', NULL, 5, 11100000.00, 11100000.00, 1382257.35, 1034890.00, 12, 'Tidak', 'Februari', 'PT Gold Martindo', 'Berjalan', NULL, 'Belum Dikirim', NULL, NULL, '2024-12-22 10:00:00', NULL, NULL, NULL, 'SYSTEM', NULL, NULL, NULL),
	(9, 57, '2024-03-30', '2024-03-01', 'Rekening Giro CIMB Niaga \r\nNo. 860011176300\r\natas nama PT Goldmartindo', 'LM 2G 1P 5G 1P', NULL, 5, 11100000.00, 11100000.00, 1382257.35, 1034890.00, 12, 'Tidak', 'Maret', 'PT Gold Martindo', 'Berjalan', NULL, 'Belum Dikirim', NULL, NULL, '2024-12-22 10:00:00', NULL, NULL, NULL, 'SYSTEM', NULL, NULL, NULL),
	(10, 2, '2024-03-30', '2024-03-02', 'Rekening Giro CIMB Niaga \r\nNo. 860011176300\r\natas nama PT Goldmartindo', 'LM 2G 1P 5G 1P', NULL, 5, 11100000.00, 11100000.00, 1382257.35, 1034890.00, 12, 'Tidak', 'Maret', 'PT Gold Martindo', 'Berjalan', NULL, 'Belum Dikirim', NULL, NULL, '2024-12-22 10:00:00', NULL, NULL, NULL, 'SYSTEM', NULL, NULL, NULL),
	(11, 3, '2024-03-30', '2024-03-03', 'Rekening Giro CIMB Niaga \r\nNo. 860011176300\r\natas nama PT Goldmartindo', 'LM 2G 1P 5G 1P', NULL, 5, 11100000.00, 11100000.00, 1382257.35, 1034890.00, 12, 'Tidak', 'Maret', 'PT Gold Martindo', 'Berjalan', NULL, 'Belum Dikirim', NULL, NULL, '2024-12-22 10:00:00', NULL, NULL, NULL, 'SYSTEM', NULL, NULL, NULL),
	(12, 4, '2024-04-30', '2024-04-01', 'Rekening Giro CIMB Niaga \r\nNo. 860011176300\r\natas nama PT Goldmartindo', 'LM 2G 1P 5G 1P', NULL, 5, 11100000.00, 11100000.00, 1382257.35, 1034890.00, 12, 'Tidak', 'April', 'PT Gold Martindo', 'Berjalan', NULL, 'Belum Dikirim', NULL, NULL, '2024-12-22 10:00:00', NULL, NULL, NULL, 'SYSTEM', NULL, NULL, NULL),
	(13, 5, '2024-04-30', '2024-04-02', 'Rekening Giro CIMB Niaga \r\nNo. 860011176300\r\natas nama PT Goldmartindo', 'LM 2G 1P 5G 1P', NULL, 5, 11100000.00, 11100000.00, 1382257.35, 1034890.00, 12, 'Tidak', 'April', 'PT Gold Martindo', 'Berjalan', NULL, 'Belum Dikirim', NULL, NULL, '2024-12-22 10:00:00', NULL, NULL, NULL, 'SYSTEM', NULL, NULL, NULL),
	(14, 6, '2024-04-30', '2024-04-03', 'Rekening Giro CIMB Niaga \r\nNo. 860011176300\r\natas nama PT Goldmartindo', 'LM 2G 1P 5G 1P', NULL, 5, 11100000.00, 11100000.00, 1382257.35, 1034890.00, 12, 'Tidak', 'April', 'PT Gold Martindo', 'Berjalan', NULL, 'Belum Dikirim', NULL, NULL, '2024-12-22 10:00:00', NULL, NULL, NULL, 'SYSTEM', NULL, NULL, NULL),
	(15, 7, '2024-04-30', '2024-04-04', 'Rekening Giro CIMB Niaga \r\nNo. 860011176300\r\natas nama PT Goldmartindo', 'LM 2G 1P 5G 1P', NULL, 5, 11100000.00, 11100000.00, 1382257.35, 1034890.00, 12, 'Tidak', 'April', 'PT Gold Martindo', 'Berjalan', NULL, 'Belum Dikirim', NULL, NULL, '2024-12-22 10:00:00', NULL, NULL, NULL, 'SYSTEM', NULL, NULL, NULL),
	(16, 8, '2024-05-30', '2024-05-01', 'Rekening Giro CIMB Niaga \r\nNo. 860011176300\r\natas nama PT Goldmartindo', 'LM 2G 1P 5G 1P', NULL, 5, 11100000.00, 11100000.00, 1382257.35, 1034890.00, 12, 'Tidak', 'Mei', 'PT Gold Martindo', 'Berjalan', NULL, 'Belum Dikirim', NULL, NULL, '2024-12-22 10:00:00', NULL, NULL, NULL, 'SYSTEM', NULL, NULL, NULL),
	(17, 9, '2024-05-30', '2024-05-02', 'Rekening Giro CIMB Niaga \r\nNo. 860011176300\r\natas nama PT Goldmartindo', 'LM 2G 1P 5G 1P', NULL, 5, 11100000.00, 11100000.00, 1382257.35, 1034890.00, 12, 'Tidak', 'Mei', 'PT Gold Martindo', 'Berjalan', NULL, 'Belum Dikirim', NULL, NULL, '2024-12-22 10:00:00', NULL, NULL, NULL, 'SYSTEM', NULL, NULL, NULL),
	(18, 10, '2024-05-30', '2024-05-03', 'Rekening Giro CIMB Niaga \r\nNo. 860011176300\r\natas nama PT Goldmartindo', 'LM 2G 1P 5G 1P', NULL, 5, 11100000.00, 11100000.00, 1382257.35, 1034890.00, 12, 'Tidak', 'Mei', 'PT Gold Martindo', 'Berjalan', NULL, 'Belum Dikirim', NULL, NULL, '2024-12-22 10:00:00', NULL, NULL, NULL, 'SYSTEM', NULL, NULL, NULL),
	(19, 11, '2024-05-30', '2024-05-04', 'Rekening Giro CIMB Niaga \r\nNo. 860011176300\r\natas nama PT Goldmartindo', 'LM 2G 1P 5G 1P', NULL, 5, 11100000.00, 11100000.00, 1382257.35, 1034890.00, 12, 'Tidak', 'Mei', 'PT Gold Martindo', 'Berjalan', NULL, 'Belum Dikirim', NULL, NULL, '2024-12-22 10:00:00', NULL, NULL, NULL, 'SYSTEM', NULL, NULL, NULL),
	(20, 13, '2024-05-30', '2024-05-05', 'Rekening Giro CIMB Niaga \r\nNo. 860011176300\r\natas nama PT Goldmartindo', 'LM 2G 1P 5G 1P', NULL, 5, 11100000.00, 11100000.00, 1382257.35, 1034890.00, 12, 'Tidak', 'Mei', 'PT Gold Martindo', 'Berjalan', NULL, 'Belum Dikirim', NULL, NULL, '2024-12-22 10:00:00', NULL, NULL, NULL, 'SYSTEM', NULL, NULL, NULL),
	(21, 14, '2024-06-30', '2024-06-01', 'Rekening Giro CIMB Niaga \r\nNo. 860011176300\r\natas nama PT Goldmartindo', 'LM 2G 1P 5G 1P', NULL, 5, 11100000.00, 11100000.00, 1382257.35, 1034890.00, 12, 'Tidak', 'Juni', 'PT Gold Martindo', 'Berjalan', NULL, 'Belum Dikirim', NULL, NULL, '2024-12-22 10:00:00', NULL, NULL, NULL, 'SYSTEM', NULL, NULL, NULL),
	(22, 15, '2024-06-30', '2024-06-02', 'Rekening Giro CIMB Niaga \r\nNo. 860011176300\r\natas nama PT Goldmartindo', 'LM 2G 1P 5G 1P', NULL, 5, 11100000.00, 11100000.00, 1382257.35, 1034890.00, 12, 'Tidak', 'Juni', 'PT Gold Martindo', 'Berjalan', NULL, 'Belum Dikirim', NULL, NULL, '2024-12-22 10:00:00', NULL, NULL, NULL, 'SYSTEM', NULL, NULL, NULL),
	(23, 16, '2024-06-30', '2024-06-03', 'Rekening Giro CIMB Niaga \r\nNo. 860011176300\r\natas nama PT Goldmartindo', 'LM 2G 1P 5G 1P', NULL, 5, 11100000.00, 11100000.00, 1382257.35, 1034890.00, 12, 'Tidak', 'Juni', 'PT Gold Martindo', 'Berjalan', NULL, 'Belum Dikirim', NULL, NULL, '2024-12-22 10:00:00', NULL, NULL, NULL, 'SYSTEM', NULL, NULL, NULL),
	(24, 17, '2024-06-30', '2024-06-04', 'Rekening Giro CIMB Niaga \r\nNo. 860011176300\r\natas nama PT Goldmartindo', 'LM 2G 1P 5G 1P', NULL, 5, 11100000.00, 11100000.00, 1382257.35, 1034890.00, 12, 'Tidak', 'Juni', 'PT Gold Martindo', 'Berjalan', NULL, 'Belum Dikirim', NULL, NULL, '2024-12-22 10:00:00', NULL, NULL, NULL, 'SYSTEM', NULL, NULL, NULL),
	(25, 18, '2024-06-30', '2024-06-05', 'Rekening Giro CIMB Niaga \r\nNo. 860011176300\r\natas nama PT Goldmartindo', 'LM 2G 1P 5G 1P', NULL, 5, 11100000.00, 11100000.00, 1382257.35, 1034890.00, 12, 'Tidak', 'Juni', 'PT Gold Martindo', 'Berjalan', NULL, 'Belum Dikirim', NULL, NULL, '2024-12-22 10:00:00', NULL, NULL, NULL, 'SYSTEM', NULL, NULL, NULL),
	(26, 19, '2024-06-30', '2024-06-06', 'Rekening Giro CIMB Niaga \r\nNo. 860011176300\r\natas nama PT Goldmartindo', 'LM 2G 1P 5G 1P', NULL, 5, 11100000.00, 11100000.00, 1382257.35, 1034890.00, 12, 'Tidak', 'Juni', 'PT Gold Martindo', 'Berjalan', NULL, 'Belum Dikirim', NULL, NULL, '2024-12-22 10:00:00', NULL, NULL, NULL, 'SYSTEM', NULL, NULL, NULL),
	(27, 20, '2024-07-30', '2024-07-01', 'Rekening Giro CIMB Niaga \r\nNo. 860011176300\r\natas nama PT Goldmartindo', 'LM 2G 1P 5G 1P', NULL, 5, 11100000.00, 11100000.00, 1382257.35, 1034890.00, 12, 'Tidak', 'Juli', 'PT Gold Martindo', 'Berjalan', NULL, 'Belum Dikirim', NULL, NULL, '2024-12-22 10:00:00', NULL, NULL, NULL, 'SYSTEM', NULL, NULL, NULL),
	(28, 21, '2024-07-30', '2024-07-02', 'Rekening Giro CIMB Niaga \r\nNo. 860011176300\r\natas nama PT Goldmartindo', 'LM 2G 1P 5G 1P', NULL, 5, 11100000.00, 11100000.00, 1382257.35, 1034890.00, 12, 'Tidak', 'Juli', 'PT Gold Martindo', 'Berjalan', NULL, 'Belum Dikirim', NULL, NULL, '2024-12-22 10:00:00', NULL, NULL, NULL, 'SYSTEM', NULL, NULL, NULL),
	(29, 22, '2024-07-30', '2024-07-03', 'Rekening Giro CIMB Niaga \r\nNo. 860011176300\r\natas nama PT Goldmartindo', 'LM 2G 1P 5G 1P', NULL, 5, 11100000.00, 11100000.00, 1382257.35, 1034890.00, 12, 'Tidak', 'Juli', 'PT Gold Martindo', 'Berjalan', NULL, 'Belum Dikirim', NULL, NULL, '2024-12-22 10:00:00', NULL, NULL, NULL, 'SYSTEM', NULL, NULL, NULL),
	(30, 24, '2024-07-30', '2024-07-04', 'Rekening Giro CIMB Niaga \r\nNo. 860011176300\r\natas nama PT Goldmartindo', 'LM 2G 1P 5G 1P', NULL, 5, 11100000.00, 11100000.00, 1382257.35, 1034890.00, 12, 'Tidak', 'Juli', 'PT Gold Martindo', 'Berjalan', NULL, 'Belum Dikirim', NULL, NULL, '2024-12-22 10:00:00', NULL, NULL, NULL, 'SYSTEM', NULL, NULL, NULL),
	(31, 25, '2024-07-30', '2024-07-05', 'Rekening Giro CIMB Niaga \r\nNo. 860011176300\r\natas nama PT Goldmartindo', 'LM 2G 1P 5G 1P', NULL, 5, 11100000.00, 11100000.00, 1382257.35, 1034890.00, 12, 'Tidak', 'Juli', 'PT Gold Martindo', 'Berjalan', NULL, 'Belum Dikirim', NULL, NULL, '2024-12-22 10:00:00', NULL, NULL, NULL, 'SYSTEM', NULL, NULL, NULL),
	(32, 26, '2024-07-30', '2024-07-06', 'Rekening Giro CIMB Niaga \r\nNo. 860011176300\r\natas nama PT Goldmartindo', 'LM 2G 1P 5G 1P', NULL, 5, 11100000.00, 11100000.00, 1382257.35, 1034890.00, 12, 'Tidak', 'Juli', 'PT Gold Martindo', 'Berjalan', NULL, 'Belum Dikirim', NULL, NULL, '2024-12-22 10:00:00', NULL, NULL, NULL, 'SYSTEM', NULL, NULL, NULL),
	(33, 27, '2024-07-30', '2024-07-07', 'Rekening Giro CIMB Niaga \r\nNo. 860011176300\r\natas nama PT Goldmartindo', 'LM 2G 1P 5G 1P', NULL, 5, 11100000.00, 11100000.00, 1382257.35, 1034890.00, 12, 'Tidak', 'Juli', 'PT Gold Martindo', 'Berjalan', NULL, 'Belum Dikirim', NULL, NULL, '2024-12-22 10:00:00', NULL, NULL, NULL, 'SYSTEM', NULL, NULL, NULL),
	(34, 28, '2024-08-30', '2024-08-01', 'Rekening Giro CIMB Niaga \r\nNo. 860011176300\r\natas nama PT Goldmartindo', 'LM 2G 1P 5G 1P', NULL, 5, 11100000.00, 11100000.00, 1382257.35, 1034890.00, 12, 'Tidak', 'Agustus', 'PT Gold Martindo', 'Berjalan', NULL, 'Belum Dikirim', NULL, NULL, '2024-12-22 10:00:00', NULL, NULL, NULL, 'SYSTEM', NULL, NULL, NULL),
	(35, 29, '2024-08-30', '2024-08-02', 'Rekening Giro CIMB Niaga \r\nNo. 860011176300\r\natas nama PT Goldmartindo', 'LM 2G 1P 5G 1P', NULL, 5, 11100000.00, 11100000.00, 1382257.35, 1034890.00, 12, 'Tidak', 'Agustus', 'PT Gold Martindo', 'Berjalan', NULL, 'Belum Dikirim', NULL, NULL, '2024-12-22 10:00:00', NULL, NULL, NULL, 'SYSTEM', NULL, NULL, NULL),
	(36, 30, '2024-08-30', '2024-08-03', 'Rekening Giro CIMB Niaga \r\nNo. 860011176300\r\natas nama PT Goldmartindo', 'LM 2G 1P 5G 1P', NULL, 5, 11100000.00, 11100000.00, 1382257.35, 1034890.00, 12, 'Tidak', 'Agustus', 'PT Gold Martindo', 'Berjalan', NULL, 'Belum Dikirim', NULL, NULL, '2024-12-22 10:00:00', NULL, NULL, NULL, 'SYSTEM', NULL, NULL, NULL),
	(37, 31, '2024-08-30', '2024-08-04', 'Rekening Giro CIMB Niaga \r\nNo. 860011176300\r\natas nama PT Goldmartindo', 'LM 2G 1P 5G 1P', NULL, 5, 11100000.00, 11100000.00, 1382257.35, 1034890.00, 12, 'Tidak', 'Agustus', 'PT Gold Martindo', 'Berjalan', NULL, 'Belum Dikirim', NULL, NULL, '2024-12-22 10:00:00', NULL, NULL, NULL, 'SYSTEM', NULL, NULL, NULL),
	(38, 32, '2024-08-30', '2024-08-05', 'Rekening Giro CIMB Niaga \r\nNo. 860011176300\r\natas nama PT Goldmartindo', 'LM 2G 1P 5G 1P', NULL, 5, 11100000.00, 11100000.00, 1382257.35, 1034890.00, 12, 'Tidak', 'Agustus', 'PT Gold Martindo', 'Berjalan', NULL, 'Belum Dikirim', NULL, NULL, '2024-12-22 10:00:00', NULL, NULL, NULL, 'SYSTEM', NULL, NULL, NULL),
	(39, 33, '2024-08-30', '2024-08-06', 'Rekening Giro CIMB Niaga \r\nNo. 860011176300\r\natas nama PT Goldmartindo', 'LM 2G 1P 5G 1P', NULL, 5, 11100000.00, 11100000.00, 1382257.35, 1034890.00, 12, 'Tidak', 'Agustus', 'PT Gold Martindo', 'Berjalan', NULL, 'Belum Dikirim', NULL, NULL, '2024-12-22 10:00:00', NULL, NULL, NULL, 'SYSTEM', NULL, NULL, NULL),
	(40, 35, '2024-08-30', '2024-08-07', 'Rekening Giro CIMB Niaga \r\nNo. 860011176300\r\natas nama PT Goldmartindo', 'LM 2G 1P 5G 1P', NULL, 5, 11100000.00, 11100000.00, 1382257.35, 1034890.00, 12, 'Tidak', 'Agustus', 'PT Gold Martindo', 'Berjalan', NULL, 'Belum Dikirim', NULL, NULL, '2024-12-22 10:00:00', NULL, NULL, NULL, 'SYSTEM', NULL, NULL, NULL),
	(41, 36, '2024-08-30', '2024-08-08', 'Rekening Giro CIMB Niaga \r\nNo. 860011176300\r\natas nama PT Goldmartindo', 'LM 2G 1P 5G 1P', NULL, 5, 11100000.00, 11100000.00, 1382257.35, 1034890.00, 12, 'Tidak', 'Agustus', 'PT Gold Martindo', 'Berjalan', NULL, 'Belum Dikirim', NULL, NULL, '2024-12-22 10:00:00', NULL, NULL, NULL, 'SYSTEM', NULL, NULL, NULL),
	(42, 37, '2024-09-30', '2024-09-01', 'Rekening Giro CIMB Niaga \r\nNo. 860011176300\r\natas nama PT Goldmartindo', 'LM 2G 1P 5G 1P', NULL, 5, 11100000.00, 11100000.00, 1382257.35, 1034890.00, 12, 'Tidak', 'September', 'PT Gold Martindo', 'Berjalan', NULL, 'Belum Dikirim', NULL, NULL, '2024-12-22 10:00:00', NULL, NULL, NULL, 'SYSTEM', NULL, NULL, NULL),
	(43, 38, '2024-09-30', '2024-09-02', 'Rekening Giro CIMB Niaga \r\nNo. 860011176300\r\natas nama PT Goldmartindo', 'LM 2G 1P 5G 1P', NULL, 5, 11100000.00, 11100000.00, 1382257.35, 1034890.00, 12, 'Tidak', 'September', 'PT Gold Martindo', 'Berjalan', NULL, 'Belum Dikirim', NULL, NULL, '2024-12-22 10:00:00', NULL, NULL, NULL, 'SYSTEM', NULL, NULL, NULL),
	(44, 39, '2024-09-30', '2024-09-03', 'Rekening Giro CIMB Niaga \r\nNo. 860011176300\r\natas nama PT Goldmartindo', 'LM 2G 1P 5G 1P', NULL, 5, 11100000.00, 11100000.00, 1382257.35, 1034890.00, 12, 'Tidak', 'September', 'PT Gold Martindo', 'Berjalan', NULL, 'Belum Dikirim', NULL, NULL, '2024-12-22 10:00:00', NULL, NULL, NULL, 'SYSTEM', NULL, NULL, NULL),
	(45, 40, '2024-09-30', '2024-09-04', 'Rekening Giro CIMB Niaga \r\nNo. 860011176300\r\natas nama PT Goldmartindo', 'LM 2G 1P 5G 1P', NULL, 5, 11100000.00, 11100000.00, 1382257.35, 1034890.00, 12, 'Tidak', 'September', 'PT Gold Martindo', 'Berjalan', NULL, 'Belum Dikirim', NULL, NULL, '2024-12-22 10:00:00', NULL, NULL, NULL, 'SYSTEM', NULL, NULL, NULL),
	(46, 41, '2024-09-30', '2024-09-05', 'Rekening Giro CIMB Niaga \r\nNo. 860011176300\r\natas nama PT Goldmartindo', 'LM 2G 1P 5G 1P', NULL, 5, 11100000.00, 11100000.00, 1382257.35, 1034890.00, 12, 'Tidak', 'September', 'PT Gold Martindo', 'Berjalan', NULL, 'Belum Dikirim', NULL, NULL, '2024-12-22 10:00:00', NULL, NULL, NULL, 'SYSTEM', NULL, NULL, NULL),
	(47, 42, '2024-09-30', '2024-09-06', 'Rekening Giro CIMB Niaga \r\nNo. 860011176300\r\natas nama PT Goldmartindo', 'LM 2G 1P 5G 1P', NULL, 5, 11100000.00, 11100000.00, 1382257.35, 1034890.00, 12, 'Tidak', 'September', 'PT Gold Martindo', 'Berjalan', NULL, 'Belum Dikirim', NULL, NULL, '2024-12-22 10:00:00', NULL, NULL, NULL, 'SYSTEM', NULL, NULL, NULL),
	(48, 43, '2024-09-30', '2024-09-07', 'Rekening Giro CIMB Niaga \r\nNo. 860011176300\r\natas nama PT Goldmartindo', 'LM 2G 1P 5G 1P', NULL, 5, 11100000.00, 11100000.00, 1382257.35, 1034890.00, 12, 'Tidak', 'September', 'PT Gold Martindo', 'Berjalan', NULL, 'Belum Dikirim', NULL, NULL, '2024-12-22 10:00:00', NULL, NULL, NULL, 'SYSTEM', NULL, NULL, NULL),
	(49, 44, '2024-09-30', '2024-09-08', 'Rekening Giro CIMB Niaga \r\nNo. 860011176300\r\natas nama PT Goldmartindo', 'LM 2G 1P 5G 1P', NULL, 5, 11100000.00, 11100000.00, 1382257.35, 1034890.00, 12, 'Tidak', 'September', 'PT Gold Martindo', 'Berjalan', NULL, 'Belum Dikirim', NULL, NULL, '2024-12-22 10:00:00', NULL, NULL, NULL, 'SYSTEM', NULL, NULL, NULL),
	(50, 46, '2024-09-30', '2024-09-09', 'Rekening Giro CIMB Niaga \r\nNo. 860011176300\r\natas nama PT Goldmartindo', 'LM 2G 1P 5G 1P', NULL, 5, 11100000.00, 11100000.00, 1382257.35, 1034890.00, 12, 'Tidak', 'September', 'PT Gold Martindo', 'Berjalan', NULL, 'Belum Dikirim', NULL, NULL, '2024-12-22 10:00:00', NULL, NULL, NULL, 'SYSTEM', NULL, NULL, NULL),
	(51, 47, '2024-10-30', '2024-10-01', 'Rekening Giro CIMB Niaga \r\nNo. 860011176300\r\natas nama PT Goldmartindo', 'LM 2G 1P 5G 1P', NULL, 5, 11100000.00, 11100000.00, 1382257.35, 1034890.00, 12, 'Tidak', 'Oktober', 'PT Gold Martindo', 'Berjalan', NULL, 'Belum Dikirim', NULL, NULL, '2024-12-22 10:00:00', NULL, NULL, NULL, 'SYSTEM', NULL, NULL, NULL),
	(52, 48, '2024-10-30', '2024-10-02', 'Rekening Giro CIMB Niaga \r\nNo. 860011176300\r\natas nama PT Goldmartindo', 'LM 2G 1P 5G 1P', NULL, 5, 11100000.00, 11100000.00, 1382257.35, 1034890.00, 12, 'Tidak', 'Oktober', 'PT Gold Martindo', 'Berjalan', NULL, 'Belum Dikirim', NULL, NULL, '2024-12-22 10:00:00', NULL, NULL, NULL, 'SYSTEM', NULL, NULL, NULL),
	(53, 49, '2024-11-30', '2024-11-01', 'Rekening Giro CIMB Niaga \r\nNo. 860011176300\r\natas nama PT Goldmartindo', 'LM 2G 1P 5G 1P', NULL, 5, 11100000.00, 11100000.00, 1382257.35, 1034890.00, 12, 'Tidak', 'November', 'PT Gold Martindo', 'Berjalan', NULL, 'Belum Dikirim', NULL, NULL, '2024-12-22 10:00:00', NULL, NULL, NULL, 'SYSTEM', NULL, NULL, NULL),
	(54, 50, '2024-11-30', '2024-11-02', 'Rekening Giro CIMB Niaga \r\nNo. 860011176300\r\natas nama PT Goldmartindo', 'LM 2G 1P 5G 1P', NULL, 5, 11100000.00, 11100000.00, 1382257.35, 1034890.00, 12, 'Tidak', 'November', 'PT Gold Martindo', 'Berjalan', NULL, 'Belum Dikirim', NULL, NULL, '2024-12-22 10:00:00', NULL, NULL, NULL, 'SYSTEM', NULL, NULL, NULL),
	(55, 51, '2024-11-30', '2024-11-03', 'Rekening Giro CIMB Niaga \r\nNo. 860011176300\r\natas nama PT Goldmartindo', 'LM 2G 1P 5G 1P', NULL, 5, 11100000.00, 11100000.00, 1382257.35, 1034890.00, 12, 'Tidak', 'November', 'PT Gold Martindo', 'Berjalan', NULL, 'Belum Dikirim', NULL, NULL, '2024-12-22 10:00:00', NULL, NULL, NULL, 'SYSTEM', NULL, NULL, NULL),
	(56, 52, '2024-11-30', '2024-11-04', 'Rekening Giro CIMB Niaga \r\nNo. 860011176300\r\natas nama PT Goldmartindo', 'LM 2G 1P 5G 1P', NULL, 5, 11100000.00, 11100000.00, 1382257.35, 1034890.00, 12, 'Tidak', 'November', 'PT Gold Martindo', 'Berjalan', NULL, 'Belum Dikirim', NULL, NULL, '2024-12-22 10:00:00', NULL, NULL, NULL, 'SYSTEM', NULL, NULL, NULL),
	(57, 53, '2024-11-30', '2024-11-05', 'Rekening Giro CIMB Niaga \r\nNo. 860011176300\r\natas nama PT Goldmartindo', 'LM 2G 1P 5G 1P', NULL, 5, 11100000.00, 11100000.00, 1382257.35, 1034890.00, 12, 'Tidak', 'November', 'PT Gold Martindo', 'Berjalan', NULL, 'Belum Dikirim', NULL, NULL, '2024-12-22 10:00:00', NULL, NULL, NULL, 'SYSTEM', NULL, NULL, NULL);


/*UPDATE kredit_nasabah SET status_lunas = 'Berjalan' WHERE status_lunas = 'Belum LUNAS'*/


/*INSERT INTO nasabah (kode, nama, email, no_tlp, alamat)
(SELECT
	kode_nasabah,
	nama_nasabah,
	email,
	tlp_nasabah,
	alamat_nasabah
FROM
	kredit_nasabah
GROUP BY
	kode_nasabah,
	nama_nasabah,
	email,
	tlp_nasabah,
	alamat_nasabah
ORDER BY
	kode_nasabah)*/

/*UPDATE kredit_nasabah, nasabah SET kredit_nasabah.id_nasabah = nasabah.id WHERE kredit_nasabah.kode_nasabah = nasabah.kode;*/


DELETE FROM `kredit_detail`;
INSERT INTO `kredit_detail` (`id`, `id_kredit_nasabah`, `gramasi`, `no_seri`, `image`, `created_at`, `updated_at`, `deleted_at`, `restored_at`, `created_by`, `updated_by`, `deleted_by`, `restored_by`) VALUES
	(1, 1, 5.00, 'Seri 1', NULL, NULL, NULL, NULL, NULL, NULL, NULL, NULL, NULL),
	(2, 1, 1.00, 'Seri 2', NULL, NULL, NULL, NULL, NULL, NULL, NULL, NULL, NULL),
	(3, 1, 2.00, 'Seri 3', NULL, NULL, NULL, NULL, NULL, NULL, NULL, NULL, NULL),
	(4, 1, 1.00, 'Seri 4', NULL, NULL, NULL, NULL, NULL, NULL, NULL, NULL, NULL),
	(5, 1, 10.00, 'Seri 5', NULL, NULL, NULL, NULL, NULL, NULL, NULL, NULL, NULL);
